{"first_acc": 0.053700361010830325, "end_acc": 0.5234657039711191, "expected_wins": 0.0, "expected_wins_optimal": 0.5313430947194494}